Sr.,Player,Runs,Ave,SR,T20 VALUE,T20_NORMALIZED,T20_PERCENTILE,T20_STANDARDIZED,T20_STANDARDIZED_SHIFTED,AVG,STDEV,SHIFT
1,Babar Azam,1720,52.12,137.93,329.73,1648.65706,0.997,7.349812666,7.784811127,84.18,212.8599715,0.4349984607
2,Muhammad Rizwan,1713,46.29,130.06,275.02,1375.077038,0.992,6.064554474,6.499552935,,,
3,Sahibzada Farhan,1685,37.44,142.07,239.00,1195.024646,0.989,5.218681995,5.653680456,,,
4,Shoaib Malik,1589,38.75,132.97,218.33,1091.661538,0.986,4.733089954,5.168088415,,,
5,Fakhar Zaman,1582,35.15,143.81,213.25,1066.251442,0.984,4.613715248,5.048713709,,,
6,Iftikhar Ahmed,1390,49.64,159.22,292.96,1464.815508,0.995,6.486139,6.921137461,,,
7,Kamran Ghulam,1335,31.78,128.86,145.79,728.9404024,0.973,3.029053571,3.464052032,,,
8,Azam Khan,1261,30.02,153.03,154.48,772.3979089,0.978,3.23321364,3.668212101,,,
9,Shan Masood,1253,26.1,124.05,108.18,540.912582,0.956,2.145713134,2.580711595,,,
10,Mohammad Haris,1171,23.89,154.07,114.94,574.6850031,0.962,2.304373406,2.739371867,,,
11,Saim Ayub,1102,31.48,159.01,147.10,735.4946066,0.975,3.059844726,3.494843186,,,
12,Tayyab Tahir,1044,37.28,134.7,139.80,699.0089472,0.967,2.888437865,3.323436326,,,
13,Sharjeel Khan,1038,26.61,137.84,101.53,507.6404602,0.953,1.989403229,2.42440169,,,
14,Hussain Talat,1029,27.81,125.94,96.11,480.5281001,0.948,1.862031418,2.297029879,,,
15,Abdullah Shafique,1025,26.97,131.41,96.87,484.364119,0.951,1.880052744,2.315051205,,,
16,Shadab Khan,845,27.25,147.46,90.55,452.7267767,0.945,1.73142291,2.16642137,,,
17,Haider Ali,811,26.16,134.27,75.96,379.8186794,0.94,1.388906199,1.82390466,,,
18,Omair Bin Yousuf,779,38.95,134.54,108.86,544.2959209,0.959,2.161607803,2.596606264,,,
19,Imad Wasim,756,39.78,154.91,124.23,621.1618358,0.964,2.522718041,2.957716502,,,
20,Ahmed Shehzad,756,32.86,129.01,85.46,427.3182749,0.942,1.612055696,2.047054156,,,
21,Saud Shakil,752,27.85,132.86,74.20,371.0018069,0.937,1.347485201,1.782483662,,,
22,Sarfraz Ahmed,743,28.57,117.37,66.44,332.1963798,0.934,1.165180248,1.600178709,,,
23,Mohammad Nawaz,682,26.23,135.58,64.68,323.3828852,0.931,1.123775119,1.558773579,,,
24,Khushdil Shah,670,22.33,135.9,54.22,271.095132,0.926,0.8781312204,1.313129681,,,
25,Abdul Wahid Bangalzai,656,26.24,115.28,52.92,264.5820484,0.92,0.8475332478,1.282531709,,,
26,Qasim Akram,652,22.48,125.86,49.19,245.9633314,0.915,0.7600639276,1.195062388,,,
27,Usman Khan,597,74.62,172.54,204.97,1024.84481,0.981,4.419190033,4.854188494,,,
28,Mohammad Ikhlaq,582,19.4,133.18,40.10,200.4944992,0.879,0.5464548028,0.9814532636,,,
29,Umar Amin,555,25.22,118.84,44.36,221.7887152,0.901,0.6464934144,1.081491875,,,
30,Salman Ali Agha,540,22.5,125.29,40.59,202.9698,0.885,0.5580835782,0.993082039,,,
31,Zeeshan Malik,531,26.55,124.64,46.86,234.2907936,0.907,0.7052272304,1.140225691,,,
32,Khurram Manzoor,524,22.78,119.9,38.17,190.8283637,0.874,0.5010440316,0.9360424924,,,
33,Faheem Ashraf,518,21.58,147.57,43.99,219.9469854,0.898,0.6378411077,1.072839568,,,
34,Sohaib Maqsood,516,24.57,126.47,42.76,213.7869115,0.896,0.6089015476,1.043900008,,,
35,Asif Ali,500,19.23,147.92,37.93,189.63344,0.871,0.4954303706,0.9304288313,,,
36,Nasir Nawaz,485,22.04,122.47,34.91,174.5507757,0.863,0.4245731579,0.8595716187,,,
37,Irfan Khan Niazi,485,30.31,136.61,53.55,267.7619751,0.923,0.8624723023,1.297470763,,,
38,Haseebullah Khan,481,21.86,123.01,34.49,172.4544435,0.857,0.4147247483,0.8497232091,,,
39,Mohammad Hafeez,458,28.62,134.31,46.95,234.7373477,0.909,0.7073251076,1.142323568,,,
40,Sajjad Ali,444,34.15,142.76,57.72,288.6150368,0.929,0.9604384042,1.395436865,,,
41,Mirza Baig,437,27.31,127.03,40.43,202.1380965,0.882,0.5541762985,0.9891747592,,,
42,Adil Amin,433,28.86,123.36,41.11,205.5404582,0.89,0.5701603357,1.005158796,,,
43,Anwar Ali,426,23.66,147.91,39.75,198.7744741,0.876,0.5383742553,0.973372716,,,
44,Aamer Jamal,394,26.26,166.24,45.87,229.3322914,0.904,0.6819325632,1.116931024,,,
45,Mohammad Huraira,393,30.23,132.32,41.92,209.6017606,0.893,0.5892400263,1.024238487,,,
46,Zain Abbas,390,30,130.43,40.69,203.4708,0.887,0.5604372382,0.995435699,,,
47,Danish Aziz,380,17.27,107.34,18.78,93.9239312,0.799,0.04579435816,0.4807928189,,,
48,Aamer Yamin,375,18.75,153.06,28.70,143.49375,0.843,0.2786696068,0.7136680676,,,
49,Asad Shafiq,368,21.64,125.17,26.58,132.9058398,0.827,0.2289284078,0.6639268685,,,
50,Ali Imran,358,27.53,139.29,36.61,183.0408033,0.868,0.4644586633,0.8994571241,,,
51,Aamer Azmat,350,21.87,134.61,27.48,137.382966,0.832,0.2499616071,0.6849600679,,,
52,Yasir Khan,350,35,144.62,47.24,236.2126667,0.912,0.7142560442,1.149254505,,,
53,Rehan Afridi,348,26.76,127.94,31.77,158.8584922,0.852,0.350852,0.7858504608,,,
54,Ammad Alam,327,25.15,130.8,28.69,143.427432,0.841,0.2783580499,0.7133565106,,,
55,Mubasir Khan,316,13.16,114.07,12.65,63.24892523,0.755,-0.09831449308,0.3366839677,,,
56,Imran Butt,315,28.63,131.79,31.69,158.4722034,0.849,0.3490372447,0.7840357055,,,
57,Shaheen Shah Afridi,309,20.6,158.46,26.90,134.4881712,0.83,0.2363620807,0.6713605415,,,
58,Umar Akmal,309,19.31,136.12,21.66,108.2932606,0.821,0.1133003779,0.5482988386,,,
59,Haris Sohail,308,30.8,134.49,34.02,170.1101248,0.854,0.4037113167,0.8387097774,,,
60,Israrullah,306,21.85,139.72,24.91,124.5575856,0.824,0.1897089429,0.6247074036,,,
61,Sharoon Siraj,301,27.36,128.63,28.25,141.2419142,0.838,0.2680906532,0.703089114,,,
62,Sohail Tanvir,298,29.8,146.79,34.76,173.8071888,0.86,0.4210798429,0.8560783037,,,
63,Ahsan Ali,289,26.27,138.27,27.99,139.9666651,0.835,0.2620996294,0.6970980902,,,
64,Mohammad Sarwar,285,20.35,139.7,21.61,108.03001,0.819,0.1120636464,0.5470621071,,,
65,Kamran Akmal,278,21.38,124.66,19.76,98.79122165,0.81,0.06866051951,0.5036589802,,,
66,Samiullah,277,34.62,117.87,30.14,150.7123538,0.846,0.3125820601,0.7475805208,,,
67,Yasir Khan,270,20.76,126.16,18.86,94.2869376,0.802,0.0474997347,0.4824981954,,,
68,Rohail Nazir,252,14.82,109.56,10.91,54.55562112,0.745,-0.1391549764,0.2958434844,,,
69,Kashif Bhatti,247,22.45,114.88,16.99,84.93691093,0.786,0.003574018652,0.4385724794,,,
70,Amad Butt,241,18.53,152.53,18.16,90.82103959,0.794,0.03121720873,0.4662156695,,,
71,Umar Siddiq,238,21.63,130.76,17.95,89.75261792,0.791,0.02619784479,0.4611963055,,,
72,Faizan Khan,231,33,176.33,35.84,179.221812,0.865,0.446517332,0.8815157927,,,
73,Saad Khan,223,22.3,118.61,15.73,78.64475587,0.777,-0.02598604857,0.4090124122,,,
74,Khalid Usman,220,24.44,132.53,19.00,95.01164053,0.805,0.05090433411,0.4859027948,,,
75,Zeeshan Ashraf,200,11.11,111.11,6.58,32.91818933,0.687,-0.2408059896,0.1941924711,,,
76,Mohammad Imran,200,14.28,113.63,8.65,43.270304,0.717,-0.1921725401,0.2428259206,,,
77,Salman Khan,198,33,121.47,21.16,105.824664,0.816,0.1017030981,0.5367015589,,,
78,Hassan Khan,194,16.16,113.45,9.48,47.42270507,0.728,-0.1726648749,0.2623335858,,,
79,Khawaja Nafay,182,22.75,122.14,13.49,67.42942267,0.766,-0.07867483322,0.3563236275,,,
80,Hasan Nawaz,180,15,115.38,8.31,41.5368,0.714,-0.2003164104,0.2346820503,,,
81,Sohail Akhtar,176,35.2,118.91,19.64,98.22283093,0.808,0.06599026302,0.5009887238,,,
82,Mohammad Faiq,173,173,182.1,145.34,726.67612,0.97,3.018416144,3.453414605,,,
83,Mohammad Suleman,168,42,110.52,20.80,103.977216,0.813,0.09302392757,0.5280223883,,,
84,Umaid Asif,166,13.83,144.34,8.84,44.18305136,0.723,-0.1878845223,0.2471139384,,,
85,Imam-ul-Haq,161,26.83,118.38,13.64,68.18103992,0.769,-0.07514379237,0.3598546684,,,
86,Hassan Ali,161,12.38,121.96,6.48,32.41176437,0.681,-0.2431851357,0.1918133251,,,
87,Mohammad Ilyas,160,22.85,160,15.60,77.99466667,0.775,-0.02904011832,0.4059583424,,,
88,Mohammad Wasim,157,13.08,121.7,6.66,33.3224336,0.69,-0.2389068807,0.19609158,,,
89,Rizwan Hussain,156,17.33,109.85,7.92,39.5969704,0.706,-0.2094295828,0.225568878,,,
90,Saad Nasim,155,31,119.23,15.28,76.38668667,0.772,-0.03659428639,0.3984041744,,,
91,Jahandad Khan,154,17.11,187.8,13.20,65.9788976,0.764,-0.08548928995,0.3495091708,,,
92,Mohammad Taha,152,25.33,107.04,10.99,54.94948352,0.747,-0.1373046407,0.2976938201,,,
93,Ashir Mehmood,150,30,145.63,17.48,87.378,0.788,0.01504206992,0.4500405307,,,
94,Junaid Ali,149,29.8,141.9,16.80,84.008584,0.783,-0.000787190864,0.4342112699,,,
95,Bismillah Khan,146,14.6,118.69,6.75,33.73328053,0.692,-0.236976753,0.1980217078,,,
96,Afaq Ahmed,131,21.83,136.45,10.41,52.02802113,0.742,-0.1510294494,0.2839690114,,,
97,Hammad Siddque,126,126,120,50.80,254.016,0.918,0.7978947538,1.232893215,,,
98,Atizaz Habib Khan,124,41.33,133.33,18.22,91.10741115,0.797,0.0325625606,0.4675610213,,,
99,Mohammad Faizan,120,30,123.71,11.88,59.3808,0.75,-0.116486652,0.3185118088,,,
100,Moinuddin,119,19.83,140,8.81,44.04904,0.72,-0.1885140975,0.2464843632,,,
101,Mohammad Shahid,116,38.66,138.09,16.51,82.56971872,0.78,-0.007546870806,0.4274515899,,,
102,Zubair Khan,113,28.25,116.49,9.92,49.582027,0.734,-0.1625205443,0.2724779165,,,
103,Sohail Khan,112,16,119.14,5.69,28.46651733,0.665,-0.261719607,0.1732788538,,,
104,Sarmad Bhatti,109,36.33,123.86,13.08,65.39758456,0.761,-0.08822025452,0.3467782062,,,
105,Jahanzaib Sultan,105,26.25,110.52,8.12,40.6161,0.709,-0.2046417892,0.2303566715,,,
106,Imran Dogar,101,25.25,146.37,9.95,49.770679,0.736,-0.1616342715,0.2733641893,,,
107,Wahab Riaz,97,6.46,108.98,1.82,9.105206347,0.569,-0.3526775774,0.08232088336,,,
108,Usama Mir,97,8.08,161.66,3.38,16.89368555,0.621,-0.3160878929,0.1189105679,,,
109,Ahmed Khan,97,13.85,98.97,3.55,17.7281662,0.64,-0.3121675661,0.1228308947,,,
110,Raza-ul-Mustafa,97,32.33,118.29,9.89,49.46114972,0.731,-0.1630884166,0.2719100442,,,
111,Basit Ali,96,24,106.66,6.55,32.765952,0.684,-0.2415211891,0.1934772717,,,
112,Kashif Noor,96,19.2,126.31,6.21,31.0419456,0.676,-0.2496204403,0.1853780204,,,
113,Naseem Shah,95,8.63,139.7,3.05,15.27107267,0.604,-0.3237108051,0.1112876556,,,
114,Asif Afridi,89,9.88,121.91,2.86,14.29305349,0.602,-0.328305465,0.1066929957,,,
115,Usman Maroof,89,29.66,132.83,9.35,46.75155523,0.725,-0.175817886,0.2591805748,,,
116,Nabi Gul,87,14.5,97.75,3.29,16.44155,0.615,-0.3182119914,0.1167864694,,,
117,Salahuddin,87,43.5,126.08,12.72,63.619968,0.758,-0.09657136228,0.3384270985,,,
118,Shahab Khan,86,17.2,153.57,6.06,30.2880992,0.67,-0.2531619536,0.1818365072,,,
119,Fahad Hussain,83,20.75,140.67,6.46,32.302521,0.679,-0.2436983527,0.191300108,,,
120,Tayyab Ali Shah,80,20,91.95,3.92,19.616,0.648,-0.3032986661,0.1316997947,,,
121,Abdul Samad,79,26.33,127.41,7.07,35.33622916,0.698,-0.2294462219,0.2055522388,,,
122,Salman Khan,78,13,89.65,2.42,12.12068,0.591,-0.3385111109,0.09648734985,,,
123,Momin Waqar,78,19.5,152.94,6.20,31.016232,0.673,-0.2497412409,0.1852572198,,,
124,Aun Shehzad,77,38.5,150.98,11.94,59.67736133,0.753,-0.1150934293,0.3199050314,,,
125,Shahid Aziz,75,12.5,136.36,3.41,17.045,0.624,-0.3153770291,0.1196214317,,,
126,Nasir Khan,74,18.5,98.66,3.60,18.00873867,0.643,-0.3108494579,0.1241490028,,,
127,Umar Khalid,74,18.5,91.35,3.33,16.67442,0.618,-0.3171179858,0.117880475,,,
128,Mohammad Shehzad,70,17.5,104.47,3.41,17.06343333,0.626,-0.3152904307,0.1197080301,,,
129,Imtiaz Legari,67,22.33,124.07,4.95,24.74964903,0.662,-0.2791811724,0.1558172884,,,
130,Mohammad Irfan,67,33.5,136.73,8.18,40.91873133,0.712,-0.2032200502,0.2317784106,,,
131,Haris Rauf,66,7.33,113.79,1.47,7.33991016,0.533,-0.360970805,0.07402765578,,,
132,Daniyal Hussain,66,22,115.78,4.48,22.415008,0.657,-0.2901491388,0.1448493219,,,
133,Bilal Asif,66,13.2,132,3.07,15.33312,0.607,-0.3234193114,0.1115791493,,,
134,Musadiq Ahmed,65,13,122.64,2.76,13.81744,0.599,-0.3305398611,0.1044585996,,,
135,Naved Malik,65,21.66,94.2,3.54,17.683224,0.635,-0.3123787011,0.1226197596,,,
136,Mohammad Amir,64,12.8,142.22,3.11,15.53421653,0.61,-0.3224745752,0.1125238856,,,
137,Mir Hamza,61,30.5,119.6,5.93,29.66877333,0.668,-0.2560714995,0.1789269612,,,
138,Rizwan Mehmood,61,15.25,87.14,2.16,10.80826467,0.58,-0.3446767386,0.09032172217,,,
139,Abbas Afridi,59,7.37,151.28,1.75,8.770810987,0.566,-0.3542485414,0.08074991933,,,
140,Abbas Ali,59,14.75,109.25,2.54,12.67664167,0.596,-0.3358992451,0.09909921559,,,
141,Usman Qadir,58,19.33,120.83,3.61,18.06231283,0.646,-0.3105977706,0.1244006902,,,
142,Rumman Raees,57,11.4,139.02,2.41,12.0446928,0.588,-0.338868093,0.09613036775,,,
143,Ahsan Hafeez,56,11.2,140,2.34,11.70773333,0.585,-0.340451103,0.09454735774,,,
144,Fazal Subhan,56,56,88.88,7.43,37.16369067,0.703,-0.2208609464,0.2141375144,,,
145,Saifullah Bangash,55,55,127.9,10.32,51.58633333,0.739,-0.1531044651,0.2818939956,,,
146,Hamza Nazar,53,13.25,112.76,2.11,10.55809467,0.577,-0.3458520183,0.08914644248,,,
147,Mohammad Arif,52,26,110.63,3.99,19.94290133,0.651,-0.3017629084,0.1332355523,,,
148,Rehman Khan,52,52,100,7.21,36.05333333,0.701,-0.2260773209,0.2089211398,,,
149,Yasir Shah,51,8.5,130.76,1.51,7.557928,0.538,-0.3599465737,0.07505188706,,,
150,Hasan Mohsin,51,12.75,86.44,1.50,7.494348,0.536,-0.3602452677,0.07475319304,,,
151,Musa Khan,51,25.5,102,3.54,17.6868,0.637,-0.3123619013,0.1226365594,,,
152,Taimoor Sultan,51,12.75,91.07,1.58,7.895769,0.544,-0.3583594223,0.07663903845,,,
153,Mehran Mumtaz,50,5.55,116.27,0.86,4.30199,0.478,-0.3752427234,0.05975573731,,,
154,Ali Waqas,50,16.66,111.11,2.47,12.34061733,0.593,-0.337477862,0.09752059876,,,
155,Zahid Mahmood,48,9.6,87.27,1.07,5.3618688,0.505,-0.3702634932,0.06473496752,,,
156,Mohammad Waleed,45,45,125,6.75,33.75,0.695,-0.2368982062,0.1981002545,,,
157,Mohammad Deen,44,14.66,125.71,2.16,10.81173045,0.582,-0.3446604566,0.09033800417,,,
158,Kashif Ali,43,21.5,130.3,3.21,16.06164667,0.613,-0.3199967484,0.1150017123,,,
159,Jalat Khan,43,14.33,97.72,1.61,8.028544907,0.555,-0.3577356511,0.07726280959,,,
160,Ghulam Raza,42,10.5,77.77,0.91,4.572876,0.484,-0.3739701215,0.06102833919,,,
161,Asif Mehmood,41,,136.66,0.00,0,0.003,-0.3954531461,0.03954531461,,,
162,Shoaib Ahmed,41,13.66,141.37,2.11,10.55675763,0.574,-0.3458582996,0.08914016117,,,
163,Mushtaq Ahmed,41,20.5,157.69,3.53,17.67179267,0.632,-0.3124324046,0.1225660561,,,
164,Maaz Khan,40,13.33,121.21,1.72,8.617222933,0.563,-0.3549700864,0.0800283743,,,
165,Shawaiz Irfan,40,20,97.56,2.08,10.4064,0.571,-0.3465646683,0.08843379245,,,
166,Hashim Ibraheem,40,13.33,111.11,1.58,7.899180267,0.547,-0.3583433964,0.07665506432,,,
167,Usman Shinwari,39,9.75,97.5,0.99,4.94325,0.495,-0.3722301326,0.06276832815,,,
168,Mohammad Umar,38,12.66,79.16,1.02,5.07763904,0.5,-0.3715987831,0.06339967766,,,
169,Bahadur Ali,37,37,123.33,4.50,22.511836,0.659,-0.2896942482,0.1453042125,,,
170,Yousuf Babar,36,36,124.13,4.29,21.449664,0.654,-0.2946842517,0.140314209,,,
171,Mohammad Sheharyar,36,18,97.29,1.68,8.405856,0.558,-0.3559630723,0.07903538848,,,
172,Akbar-ur-Rehman,35,17.5,97.22,1.59,7.939633333,0.549,-0.358153351,0.07684510976,,,
173,Khurram Shehzad,35,11.66,89.74,0.98,4.883052533,0.492,-0.3725129357,0.06248552502,,,
174,Sameen Gul,33,11,89.18,0.86,4.316312,0.481,-0.3751754398,0.05982302098,,,
175,Aaqib Liaquat,33,16.5,91.66,1.33,6.654516,0.522,-0.3641907347,0.07080772601,,,
176,Aftab Ibrahim,33,8.25,132,0.96,4.7916,0.489,-0.3729425728,0.06205588795,,,
177,Faraz Aziz,33,16.5,75,1.09,5.445,0.511,-0.3698729491,0.06512551159,,,
178,Hasan Rizwan,33,16.5,110,1.60,7.986,0.552,-0.3579355239,0.07706293684,,,
179,Mohammad Hasnain,32,10.66,82.05,0.75,3.7318528,0.473,-0.3779211847,0.05707727599,,,
180,Saif Badar,32,10.66,128,1.16,5.821781333,0.514,-0.368102859,0.06689560171,,,
181,Farmanullah Khan,32,10.66,69.56,0.63,3.163774293,0.451,-0.3805899745,0.05440848626,,,
182,Abdul Faseeh,32,10.66,128,1.16,5.821781333,0.514,-0.368102859,0.06689560171,,,
183,Mohammad Shahid,31,7.75,96.87,0.62,3.103069,0.448,-0.3808751633,0.05412329739,,,
184,Akif Javed,30,10,130.43,1.04,5.2172,0.503,-0.3709431363,0.06405532447,,,
185,Sajjad Ibraheem,30,15,115.38,1.38,6.9228,0.527,-0.3629303568,0.07206810389,,,
186,Fardeen Sheikh,29,9.66,96.66,0.72,3.61044432,0.462,-0.3784915526,0.05650690816,,,
187,Faraz Ali,28,14,147.36,1.54,7.702016,0.541,-0.3592696592,0.07572880155,,,
188,Hunain Shah,28,3.5,116.66,0.30,1.524357333,0.398,-0.388291831,0.04670662974,,,
189,Anees Azam,28,9.33,103.7,0.72,3.6120784,0.464,-0.3784838758,0.05651458495,,,
190,Zaman Khan,27,3.85,65.85,0.18,0.912681,0.352,-0.39116544,0.04383302072,,,
191,Ahmed Daniyal,27,9,108,0.70,3.4992,0.456,-0.37901417,0.05598429078,,,
192,Mohammad Ali,27,27,87.09,1.69,8.465148,0.56,-0.3556845229,0.0793139378,,,
193,Waqas Maqsood,26,4.33,96.29,0.29,1.445377093,0.385,-0.3886628742,0.04633558656,,,
194,Ali Asfand,26,13,68.42,0.62,3.083461333,0.445,-0.3809672787,0.05403118206,,,
195,Mohammad Shehzad,26,8.66,72.22,0.43,2.168140693,0.429,-0.3852673856,0.04973107513,,,
196,Mohsin Raza,25,8.33,59.52,0.33,1.652672,0.407,-0.3876890184,0.04730944231,,,
197,Fayyaz Khan,25,25,208.33,3.47,17.36083333,0.629,-0.313893268,0.1211051927,,,
198,Faizan Zafar,25,8.33,60.97,0.34,1.692933667,0.409,-0.3874998722,0.04749858856,,,
199,Sarmad Hameed Bhatti,24,12,85.71,0.66,3.291264,0.453,-0.3799910375,0.05500742323,,,
200,Niaz Khan,24,12,171.42,1.32,6.582528,0.519,-0.3645289289,0.07046953185,,,
201,Ahmed Safi,23,11.5,104.54,0.74,3.686777333,0.47,-0.3781329459,0.05686551487,,,
202,Azaz Khan,23,5.75,109.52,0.39,1.931202667,0.415,-0.3863805025,0.04861795825,,,
203,Arshad Iqbal,22,5.5,84.61,0.27,1.365041333,0.374,-0.3890402855,0.04595817525,,,
204,Mohammad Imran,22,3.66,122.22,0.26,1.31215392,0.371,-0.3892887465,0.0457097142,,,
205,Azan Tariq,22,7.33,84.61,0.36,1.819227813,0.412,-0.3869065519,0.04809190888,,,
206,Ali Zaryab,22,22,110,1.42,7.098666667,0.53,-0.3621041486,0.07289431215,,,
207,Zia-ul-Haq,21,7,110.52,0.43,2.166192,0.426,-0.3852765404,0.04972192031,,,
208,Nisar Ahmad,21,5.25,100,0.29,1.47,0.387,-0.3885471976,0.04645126311,,,
209,Habibullah,21,21,91.3,1.07,5.36844,0.508,-0.3702326222,0.06476583852,,,
210,Umair Masood,20,10,153.84,0.82,4.1024,0.475,-0.3761803821,0.05881807863,,,
211,Mohammad Hammad Khan,20,,125,0.00,0,0.003,-0.3954531461,0.03954531461,,,
212,Syed Zainullah,19,19,76,0.73,3.658133333,0.467,-0.3782675132,0.05673094753,,,
213,Abrar Ahmed,18,3,78.26,0.11,0.563472,0.321,-0.3928059974,0.04219246333,,,
214,Hidayatullah,18,9,69.23,0.30,1.495368,0.393,-0.3884280207,0.04657044005,,,
215,Arif Yaqoob,18,9,64.28,0.28,1.388448,0.379,-0.3889303227,0.046068138,,,
216,Ali Asghar,18,18,69.23,0.60,2.990736,0.442,-0.3814028953,0.05359556548,,,
217,Hanan Achakzai,18,6,54.54,0.16,0.785376,0.341,-0.3917635092,0.04323495149,,,
218,Asif Ali,18,18,81.81,0.71,3.534192,0.459,-0.3788497802,0.05614868055,,,
219,Zafar Gohar,17,8.5,80.95,0.31,1.559636667,0.404,-0.3881260914,0.04687236937,,,
220,Mohammad Afzal,17,8.5,106.25,0.41,2.047083333,0.42,-0.3858361039,0.04916235683,,,
221,Azam Khan (2),17,5.66,68,0.17,0.8723946667,0.349,-0.3913547022,0.04364375858,,,
222,Mohammad Aqeel,17,8.5,77.27,0.30,1.488735333,0.39,-0.3884591805,0.04653928028,,,
223,Saad Masood,16,16,200,1.37,6.826666667,0.525,-0.363381984,0.07161647678,,,
224,Mohammad Riaz,16,5.33,72.72,0.17,0.82687488,0.343,-0.3915685507,0.04342991008,,,
225,Syed Hashim Shah,16,8,84.21,0.29,1.437184,0.382,-0.3887013647,0.04629709603,,,
226,Mehroz Rasheed,16,8,114.28,0.39,1.950378667,0.418,-0.3862904151,0.04870804564,,,
227,Zahoor Ahmed,15,5,115.38,0.23,1.1538,0.363,-0.3900326812,0.04496577949,,,
228,Ali Shan,15,7.5,78.94,0.24,1.1841,0.365,-0.3898903341,0.04510812659,,,
229,Mohammad Naeem,15,7.5,100,0.30,1.5,0.396,-0.3884062599,0.04659220083,,,
230,Imran Khan,15,15,166.66,1.00,4.9998,0.497,-0.371964465,0.06303399576,,,
231,Awais Akram,14,7,50,0.13,0.6533333333,0.327,-0.3923838357,0.04261462505,,,
232,Ali Imran,14,7,116.66,0.30,1.524357333,0.398,-0.388291831,0.04670662974,,,
233,Nadeem Khalil,13,6.5,68.42,0.15,0.7708653333,0.335,-0.3918316793,0.04316678148,,,
234,Jawad Ali,13,13,92.85,0.42,2.09222,0.423,-0.3856240553,0.04937440547,,,
235,Israr-ul-Haq,13,6.5,76.47,0.17,0.861562,0.346,-0.3914055932,0.04359286754,,,
236,Abubakar Khan,13,13,100,0.45,2.253333333,0.434,-0.384867157,0.05013130369,,,
237,Umar Khan,12,12,240,0.92,4.608,0.486,-0.3738051117,0.06119334908,,,
238,Asad Ali,12,12,150,0.58,2.88,0.44,-0.3819231246,0.05307533615,,,
239,Shehzad Gul,12,6,60,0.12,0.576,0.324,-0.3927471418,0.04225131892,,,
240,Gohar Faiz,12,6,100,0.19,0.96,0.354,-0.3909431389,0.04405532179,,,
241,Sami Hasan,12,,109.09,0.00,0,0.003,-0.3954531461,0.03954531461,,,
242,Ali Majid,11,,84.61,0.00,0,0.003,-0.3954531461,0.03954531461,,,
243,Mohammad Rameez,11,11,61.11,0.20,0.985908,0.357,-0.3908214251,0.04417703561,,,
244,Faisal Akram,10,3.33,50,0.04,0.222,0.297,-0.394410207,0.04058825377,,,
245,Sufiyan Muqeem,10,,83.33,0.00,0,0.003,-0.3954531461,0.03954531461,,,
246,Basit Ali,10,10,58.82,0.16,0.7842666667,0.338,-0.3917687208,0.04322973992,,,
247,Abdul Rauf,10,5,83.33,0.11,0.5555333333,0.319,-0.3928432927,0.04215516807,,,
248,Mohammad Javed,10,10,83.33,0.22,1.111066667,0.36,-0.3902334392,0.04476502153,,,
249,Rameez Aziz,10,10,90.9,0.24,1.212,0.368,-0.3897592621,0.04523919868,,,
250,Mohammad Naveed,10,3.33,90.9,0.08,0.403596,0.31,-0.3935570827,0.04144137801,,,
251,Salman Fayyaz,10,10,166.66,0.44,2.222133333,0.431,-0.3850137323,0.04998472846,,,
252,Imran Khan,9,4.5,100,0.11,0.54,0.316,-0.3929162671,0.04208219365,,,
253,Mohammad Haider,9,4.5,56.25,0.06,0.30375,0.302,-0.3940261517,0.04097230907,,,
254,Sher Afzal,9,9,64.28,0.14,0.694224,0.33,-0.3921917344,0.0428067263,,,
255,Akbar Khan,9,2.25,64.28,0.03,0.173556,0.28,-0.3946377932,0.04036066754,,,
256,Muneeb Wasif,9,2.25,69.23,0.04,0.186921,0.286,-0.3945750054,0.04042345529,,,
257,Abdul Hadi,9,4.5,64.28,0.07,0.347112,0.305,-0.3938224403,0.04117602046,,,
258,Salman Khan,9,9,64.28,0.14,0.694224,0.33,-0.3921917344,0.0428067263,,,
259,Dilbar Hussain,8,8,266.66,0.46,2.275498667,0.437,-0.384763026,0.05023543474,,,
260,Saqib Khan,8,,160,0.00,0,0.003,-0.3954531461,0.03954531461,,,
261,Arham Nawab,8,8,160,0.27,1.365333333,0.376,-0.3890389137,0.04595954705,,,
262,Zaid Alam,8,4,42.1,0.04,0.1796266667,0.283,-0.3946092737,0.04038918707,,,
263,Shahnawaz Dhani,7,7,58.33,0.08,0.3810893333,0.308,-0.3936628173,0.04133564339,,,
264,Salman Irshad,7,3.5,33.33,0.02,0.108878,0.266,-0.3949416455,0.0400568152,,,
265,Raja Farhan Khan,7,3.5,63.63,0.04,0.207858,0.291,-0.394476645,0.04052181573,,,
266,Mohammad Wasim,7,3.5,63.63,0.04,0.207858,0.291,-0.394476645,0.04052181573,,,
267,Nadeem Ahmed,7,2.33,50,0.02,0.1087333333,0.264,-0.3949423252,0.04005613556,,,
268,Ayaz Tasawwar,6,3,37.5,0.02,0.09,0.25,-0.395030333,0.03996812779,,,
269,Adil Naz,6,,200,0.00,0,0.003,-0.3954531461,0.03954531461,,,
270,Khurram Ali Shah,6,,200,0.00,0,0.003,-0.3954531461,0.03954531461,,,
271,Asif Ali,6,6,42.85,0.04,0.20568,0.288,-0.3944868771,0.04051158365,,,
272,Arsal Sheikh,6,3,50,0.02,0.12,0.269,-0.3948893952,0.04010906551,,,
273,Junaid Khan,5,1.66,50,0.01,0.05533333333,0.242,-0.3951931943,0.03980526642,,,
274,Aftab Ahmed,5,,62.5,0.00,0,0.003,-0.3954531461,0.03954531461,,,
275,Mustafa Nasir,5,5,125,0.08,0.4166666667,0.313,-0.3934956777,0.04150278301,,,
276,Syed Faraz,5,2.5,27.77,0.01,0.04628333333,0.236,-0.3952357105,0.0397627502,,,
277,Mohsin Ali,5,5,83.33,0.06,0.2777666667,0.299,-0.3941482194,0.04085024134,,,
278,Tariq Nawaz,5,2.5,50,0.02,0.08333333333,0.247,-0.3950616524,0.03993680829,,,
279,Shahid Afridi,4,4,50,0.02,0.1066666667,0.258,-0.3949520342,0.04004642652,,,
280,Mohammad Umar,4,2,33.33,0.01,0.035552,0.225,-0.3952861255,0.03971233521,,,
281,Faizan Saleem,4,2,57.14,0.01,0.06094933333,0.245,-0.3951668108,0.03983164996,,,
282,Afnan Khan,4,4,66.66,0.03,0.142208,0.272,-0.3947850637,0.04021339701,,,
283,Shayan Sheikh,4,,400,0.00,0,0.003,-0.3954531461,0.03954531461,,,
284,Mohammad Junaid,4,1.33,40,0.01,0.02837333333,0.223,-0.3953198504,0.03967861038,,,
285,Naveed Yousuf,4,,66.66,0.00,0,0.003,-0.3954531461,0.03954531461,,,
286,Adeel-ur-Rehman,4,4,80,0.03,0.1706666667,0.277,-0.3946513671,0.04034709367,,,
287,Gulfam Aziz,4,,33.33,0.00,0,0.003,-0.3954531461,0.03954531461,,,
288,Mehroz Ali,4,2,133.33,0.03,0.1422186667,0.275,-0.3947850136,0.04021344712,,,
289,Saleem Mal,4,,100,0.00,0,0.003,-0.3954531461,0.03954531461,,,
290,Obaid Ullah,4,2,100,0.02,0.1066666667,0.258,-0.3949520342,0.04004642652,,,
291,Mohammad Mohsin,3,3,75,0.02,0.09,0.25,-0.395030333,0.03996812779,,,
292,Nauman Ali,3,1.5,23.07,0.00,0.013842,0.212,-0.3953881175,0.03961034328,,,
293,Usman Tariq,3,3,42.85,0.01,0.05142,0.239,-0.3952115789,0.03978688187,,,
294,Sohaibullah,3,1.5,37.5,0.00,0.0225,0.217,-0.3953474428,0.03965101791,,,
295,Sirajuddin,3,,100,0.00,0,0.003,-0.3954531461,0.03954531461,,,
296,Ameer Hamza,3,,60,0.00,0,0.003,-0.3954531461,0.03954531461,,,
297,Usama Khalil,3,1.5,37.5,0.00,0.0225,0.217,-0.3953474428,0.03965101791,,,
298,Kamran Afzal,3,,150,0.00,0,0.003,-0.3954531461,0.03954531461,,,
299,Shoaib Akhtar,3,3,30,0.01,0.036,0.234,-0.3952840209,0.03971443988,,,
300,Bilawal Bhatti,3,3,75,0.02,0.09,0.25,-0.395030333,0.03996812779,,,
301,Ihsanullah,2,1,33.33,0.00,0.008888,0.201,-0.395411391,0.03958706976,,,
302,Atif Khan,2,2,33.33,0.00,0.017776,0.214,-0.3953696358,0.03962882491,,,
303,Daniyal Allah Ditta,2,2,25,0.00,0.01333333333,0.203,-0.3953905071,0.0396079536,,,
304,Zaki Shaz Khan,2,,100,0.00,0,0.003,-0.3954531461,0.03954531461,,,
305,Muhammad Abbas,2,2,66.66,0.01,0.035552,0.225,-0.3952861255,0.03971233521,,,
306,Sadaqat Ali,2,1,50,0.00,0.01333333333,0.203,-0.3953905071,0.0396079536,,,
307,Asfand Mehran,2,,100,0.00,0,0.003,-0.3954531461,0.03954531461,,,
308,Haris Khan,2,1,16.66,0.00,0.004442666667,0.181,-0.3954322748,0.03956618592,,,
309,Ali Haider,2,2,66.66,0.01,0.035552,0.225,-0.3952861255,0.03971233521,,,
310,Kashif Ali,2,1,25,0.00,0.006666666667,0.195,-0.3954218266,0.03957663411,,,
311,Najeebullah,1,,50,0.00,0,0.003,-0.3954531461,0.03954531461,,,
312,Mohammad Ibrahim,1,1,33.33,0.00,0.004444,0.184,-0.3954322685,0.03956619219,,,
313,Athar Mahmood,1,,33.33,0.00,0,0.003,-0.3954531461,0.03954531461,,,
314,Mohammad Ayaz,1,1,33.33,0.00,0.004444,0.184,-0.3954322685,0.03956619219,,,
315,Ziaullah,1,1,25,0.00,0.003333333333,0.176,-0.3954374864,0.03956097436,,,
316,Asad Raza,1,,100,0.00,0,0.003,-0.3954531461,0.03954531461,,,
317,Asad Malik,1,1,25,0.00,0.003333333333,0.176,-0.3954374864,0.03956097436,,,
318,Mohammad Waheed,1,1,33.33,0.00,0.004444,0.184,-0.3954322685,0.03956619219,,,
319,Usman Yousaf,1,1,20,0.00,0.002666666667,0.173,-0.3954406183,0.03955784241,,,
320,Hidayatullah,1,,16.66,0.00,0,0.003,-0.3954531461,0.03954531461,,,
321,Irfanullah Shah,1,1,50,0.00,0.006666666667,0.195,-0.3954218266,0.03957663411,,,
322,Faheem Rasheed,1,,25,0.00,0,0.003,-0.3954531461,0.03954531461,,,
323,Khayam Khan,1,1,33.33,0.00,0.004444,0.184,-0.3954322685,0.03956619219,,,
324,Arafat Minhas,1,1,100,0.00,0.01333333333,0.203,-0.3953905071,0.0396079536,,,
325,Ehsan Adil,0,0,,0.00,0,0.003,-0.3954531461,0.03954531461,,,
326,Taj Wali,0,,,0.00,0,0.003,-0.3954531461,0.03954531461,,,
327,Ashir Qureshi,0,0,,0.00,0,0.003,-0.3954531461,0.03954531461,,,
328,Aarish Ali,0,0,,0.00,0,0.003,-0.3954531461,0.03954531461,,,
329,Ghulam Mudassar,0,0,,0.00,0,0.003,-0.3954531461,0.03954531461,,,
330,Zeeshan Zameer,0,0,,0.00,0,0.003,-0.3954531461,0.03954531461,,,
331,Mohammad Irfan,0,0,,0.00,0,0.003,-0.3954531461,0.03954531461,,,
332,Aimal Khan,0,,,0.00,0,0.003,-0.3954531461,0.03954531461,,,
333,Mohammad Ikram,0,0,,0.00,0,0.003,-0.3954531461,0.03954531461,,,
334,Asim Jutt,0,0,,0.00,0,0.003,-0.3954531461,0.03954531461,,,
335,Majid Asghar,0,,,0.00,0,0.003,-0.3954531461,0.03954531461,,,
336,Mohammad Asghar,0,,,0.00,0,0.003,-0.3954531461,0.03954531461,,,
337,Waleed Azeem,0,,,0.00,0,0.003,-0.3954531461,0.03954531461,,,
338,Umair Afridi,0,0,,0.00,0,0.003,-0.3954531461,0.03954531461,,,
339,Asif Ali,0,,,0.00,0,0.003,-0.3954531461,0.03954531461,,,
340,Aamer Khan,0,0,,0.00,0,0.003,-0.3954531461,0.03954531461,,,
341,Ahmed Bashir,0,,,0.00,0,0.003,-0.3954531461,0.03954531461,,,
342,Tahir Hussain,0,,,0.00,0,0.003,-0.3954531461,0.03954531461,,,
343,Aqib Khan,0,,,0.00,0,0.003,-0.3954531461,0.03954531461,,,
344,Mohammad Faizan,0,,,0.00,0,0.003,-0.3954531461,0.03954531461,,,
345,Bakhtiar Shah,0,,,0.00,0,0.003,-0.3954531461,0.03954531461,,,
346,Zeeshan Tahir,0,,,0.00,0,0.003,-0.3954531461,0.03954531461,,,
347,Mohammad Sudais,0,0,,0.00,0,0.003,-0.3954531461,0.03954531461,,,
348,Sabit Ali,0,0,,0.00,0,0.003,-0.3954531461,0.03954531461,,,
349,Abdur Rahman,0,,,0.00,0,0.003,-0.3954531461,0.03954531461,,,
350,Bohir Aman,0,0,,0.00,0,0.003,-0.3954531461,0.03954531461,,,
351,Shiraz Khan,0,,,0.00,0,0.003,-0.3954531461,0.03954531461,,,
352,Rao Sajid Ali,0,0,,0.00,0,0.003,-0.3954531461,0.03954531461,,,
353,Imran Shah,0,0,,0.00,0,0.003,-0.3954531461,0.03954531461,,,
354,Abubakar,0,0,,0.00,0,0.003,-0.3954531461,0.03954531461,,,
355,Shahzaib Bhatti,0,,,0.00,0,0.003,-0.3954531461,0.03954531461,,,
356,Awais Anwar,0,0,,0.00,0,0.003,-0.3954531461,0.03954531461,,,
357,Sajid Khan,0,,,0.00,0,0.003,-0.3954531461,0.03954531461,,,
358,Shakib Ali,0,,,0.00,0,0.003,-0.3954531461,0.03954531461,,,
359,Ali Shafiq,0,,,0.00,0,0.003,-0.3954531461,0.03954531461,,,
360,Ubaid Shah,0,0,,0.00,0,0.003,-0.3954531461,0.03954531461,,,
361,Mohammad Zeeshan,0,0,,0.00,0,0.003,-0.3954531461,0.03954531461,,,
362,Saad Baig,0,0,,0.00,0,0.003,-0.3954531461,0.03954531461,,,
363,Tayyab Abbas,0,,,0.00,0,0.003,-0.3954531461,0.03954531461,,,